고유번호,제품명,리뷰,상세정보,카테고리
11586271837,Bene,초코맛 사려다가 조금 더 저렴해서 샀는데 생각보다 맛있습니다. 물에 타먹었는데도 맛있었고 다른 후기 보니까 우유에 타 먹으면 완전 미숫가루같다는데 기대중입니다.,주요 기능성(식약처인증) 해당 없음 영양소 원료명(식약처고시) 단백질 단백질 28g,단백질
11586271837,Bene,맛있고 먹기 좋습니다,주요 기능성(식약처인증) 해당 없음 영양소 원료명(식약처고시) 단백질 단백질 28g,단백질
11586271837,Bene,운동 전후 먹으면 든든하고 좋습니다.,주요 기능성(식약처인증) 해당 없음 영양소 원료명(식약처고시) 단백질 단백질 28g,단백질
11586271837,Bene,양이 많아서 좋아요 맛도 있어요.,주요 기능성(식약처인증) 해당 없음 영양소 원료명(식약처고시) 단백질 단백질 28g,단백질
11586271837,Bene,만족합니다 감사합니다,주요 기능성(식약처인증) 해당 없음 영양소 원료명(식약처고시) 단백질 단백질 28g,단백질
11586271837,Bene,맛있어요 효과 좋아요,주요 기능성(식약처인증) 해당 없음 영양소 원료명(식약처고시) 단백질 단백질 28g,단백질
11586271837,Bene,가성비 최고인듯 매우 만족합니다,주요 기능성(식약처인증) 해당 없음 영양소 원료명(식약처고시) 단백질 단백질 28g,단백질
11586271837,Bene,유당불내증 있어서 시켰는데 속 편하고 좋아요. 다음에도 시킬것 같아요. ㅋㅋ,주요 기능성(식약처인증) 해당 없음 영양소 원료명(식약처고시) 단백질 단백질 28g,단백질
11586271837,Bene,배송빠르고좋아요!!!!!!!,주요 기능성(식약처인증) 해당 없음 영양소 원료명(식약처고시) 단백질 단백질 28g,단백질
11586271837,Bene,잘먹겠습니다 배송도 적당히 잘 왔습니다,주요 기능성(식약처인증) 해당 없음 영양소 원료명(식약처고시) 단백질 단백질 28g,단백질
